<?xml version="1.0" encoding="UTF-8"?>
<project-private xmlns="http://www.netbeans.org/ns/project-private/1">
    <editor-bookmarks xmlns="http://www.netbeans.org/ns/editor-bookmarks/2" lastBookmarkId="0"/>
    <open-files xmlns="http://www.netbeans.org/ns/projectui-open-files/2">
        <group>
            <file>file:/D:/Kuliah/Pemograman%20Berorientasi%20Objek/Praktikum/Praktikum%20Modul/TUBES/src/tubes/TUBES_payment_PBO.java</file>
            <file>file:/D:/Kuliah/Pemograman%20Berorientasi%20Objek/Praktikum/Praktikum%20Modul/TUBES/src/tubes/ListProduct.java</file>
            <file>file:/D:/Kuliah/Pemograman%20Berorientasi%20Objek/Praktikum/Praktikum%20Modul/TUBES/src/tubes/Cart.java</file>
            <file>file:/D:/Kuliah/Pemograman%20Berorientasi%20Objek/Praktikum/Praktikum%20Modul/TUBES/src/tubes/User1.java</file>
            <file>file:/D:/Kuliah/Pemograman%20Berorientasi%20Objek/Praktikum/Praktikum%20Modul/TUBES/src/tubes/Dashboard.java</file>
            <file>file:/D:/Kuliah/Pemograman%20Berorientasi%20Objek/Praktikum/Praktikum%20Modul/TUBES/src/tubes/TUBES.java</file>
            <file>file:/D:/Kuliah/Pemograman%20Berorientasi%20Objek/Praktikum/Praktikum%20Modul/TUBES/src/tubes/DashboardAdmin.java</file>
            <file>file:/D:/Kuliah/Pemograman%20Berorientasi%20Objek/Praktikum/Praktikum%20Modul/TUBES/src/tubes/payment.java</file>
            <file>file:/D:/Kuliah/Pemograman%20Berorientasi%20Objek/Praktikum/Praktikum%20Modul/TUBES/src/tubes/TambahBarang.java</file>
            <file>file:/D:/Kuliah/Pemograman%20Berorientasi%20Objek/Praktikum/Praktikum%20Modul/TUBES/src/tubes/Pembayaran.java</file>
            <file>file:/D:/Kuliah/Pemograman%20Berorientasi%20Objek/Praktikum/Praktikum%20Modul/TUBES/src/tubes/Product.java</file>
            <file>file:/D:/Kuliah/Pemograman%20Berorientasi%20Objek/Praktikum/Praktikum%20Modul/TUBES/src/tubes/ListKeranjang.java</file>
            <file>file:/D:/Kuliah/Pemograman%20Berorientasi%20Objek/Praktikum/Praktikum%20Modul/TUBES/src/tubes/Order.java</file>
        </group>
    </open-files>
</project-private>
